window,balance,return_val,position
1,200.0007222645603,0.0007222645603025754,LONG
2,300.001028828181,0.00030656362071936066,LONG
3,400.01089588791075,0.009867059729750053,LONG
4,400.00916649400995,-0.0017293939007940876,LONG
