window,balance,return_val,position
1,200.00187093101914,0.001870931019129684,SHORT
2,300.00261707913705,0.00074614811790926,SHORT
3,300.0122068766161,0.009589797479085794,SHORT
