window,balance,return_val,position
1,199.9976311992214,-0.0023688007785986564,LONG
2,299.9964970092988,-0.0011341899225188095,LONG
3,299.98368318927476,-0.01281382002404814,LONG
