window,balance,return_val,position
1,199.99935023581216,-0.0006497641878295362,LONG
2,299.99891119067297,-0.00043904513917155476,LONG
3,299.98795474950526,-0.010956441167686192,LONG
