window,balance,return_val,position
1,200.00064138137307,0.0006413813730773839,SHORT
2,300.00027404774346,-0.00036733362960996417,SHORT
3,300.0016226352076,0.0013485874641497562,SHORT
