actual,predicted,error
0.0,0.0,
0.0005452811041458915,0.0,-100.0
0.00047165198708623666,0.0,-100.0
0.00020094719149703122,0.0,-100.0
9.802613817671359e-05,0.0,-100.0
0.0005837968893279209,0.0,-100.0
0.0005347464619038953,0.0,-100.0
-8.570157192757402e-05,0.0,-100.0
-0.00036112510156545213,0.0,-100.0
-0.0002707513769106906,0.0,-100.0
-0.00016007725518121273,0.0,-100.0
